[{"pk": 1, "model": "welcome.account", "fields": {"type": "user", "user": "user1@mail.com"}}, {"pk": 2, "model": "welcome.account", "fields": {"type": "expert", "user": "expert2@mail.com"}}, {"pk": 3, "model": "welcome.account", "fields": {"type": "user", "user": "user3@mail.com"}}, {"pk": 4, "model": "welcome.account", "fields": {"type": "user", "user": "user4@mail.com"}}, {"pk": 5, "model": "welcome.account", "fields": {"type": "expert", "user": "expert5@mail.com"}}, {"pk": 1, "model": "welcome.ticket", "fields": {"name": "Ticket - 1", "updated": "2015-08-03"}}, {"pk": 2, "model": "welcome.ticket", "fields": {"name": "Ticket - 2", "updated": "2015-08-05"}}, {"pk": 3, "model": "welcome.ticket", "fields": {"name": "Ticket - 3", "updated": "2015-08-08"}}, {"pk": 4, "model": "welcome.ticket", "fields": {"name": "Ticket - 4", "updated": "2015-08-12"}}, {"pk": 5, "model": "welcome.ticket", "fields": {"name": "Ticket - 5", "updated": "2015-08-17"}}, {"pk": 6, "model": "welcome.ticket", "fields": {"name": "Ticket - 6", "updated": "2015-08-23"}}, {"pk": 7, "model": "welcome.ticket", "fields": {"name": "Ticket - 7", "updated": "2015-08-30"}}, {"pk": 8, "model": "welcome.ticket", "fields": {"name": "Ticket - 8", "updated": "2015-09-07"}}, {"pk": 9, "model": "welcome.ticket", "fields": {"name": "Ticket - 9", "updated": "2015-09-16"}}, {"pk": 10, "model": "welcome.ticket", "fields": {"name": "Ticket - 10", "updated": "2015-09-26"}}, {"pk": 11, "model": "welcome.ticket", "fields": {"name": "Ticket - 11", "updated": "2015-10-07"}}, {"pk": 12, "model": "welcome.ticket", "fields": {"name": "Ticket - 12", "updated": "2015-10-19"}}, {"pk": 13, "model": "welcome.ticket", "fields": {"name": "Ticket - 13", "updated": "2015-11-01"}}, {"pk": 14, "model": "welcome.ticket", "fields": {"name": "Ticket - 14", "updated": "2015-11-15"}}, {"pk": 15, "model": "welcome.ticket", "fields": {"name": "Ticket - 15", "updated": "2015-11-30"}}, {"pk": 16, "model": "welcome.ticket", "fields": {"name": "Ticket - 16", "updated": "2015-12-16"}}, {"pk": 17, "model": "welcome.ticket", "fields": {"name": "Ticket - 17", "updated": "2016-01-02"}}, {"pk": 18, "model": "welcome.ticket", "fields": {"name": "Ticket - 18", "updated": "2016-01-20"}}, {"pk": 19, "model": "welcome.ticket", "fields": {"name": "Ticket - 19", "updated": "2016-02-08"}}, {"pk": 20, "model": "welcome.ticket", "fields": {"name": "Ticket - 20", "updated": "2016-02-28"}}, {"pk": 21, "model": "welcome.ticket", "fields": {"name": "Ticket - 21", "updated": "2016-03-20"}}, {"pk": 22, "model": "welcome.ticket", "fields": {"name": "Ticket - 22", "updated": "2016-04-11"}}, {"pk": 23, "model": "welcome.ticket", "fields": {"name": "Ticket - 23", "updated": "2016-05-04"}}, {"pk": 24, "model": "welcome.ticket", "fields": {"name": "Ticket - 24", "updated": "2016-05-28"}}, {"pk": 25, "model": "welcome.ticket", "fields": {"name": "Ticket - 25", "updated": "2016-06-22"}}, {"pk": 1, "model": "welcome.message", "fields": {"fk_ticket": 1, "updated": "2015-08-04", "message": "message - 1", "fk_account": 1}}, {"pk": 2, "model": "welcome.message", "fields": {"fk_ticket": 2, "updated": "2015-08-06", "message": "message - 2", "fk_account": 1}}, {"pk": 3, "model": "welcome.message", "fields": {"fk_ticket": 2, "updated": "2015-08-09", "message": "message - 3", "fk_account": 2}}, {"pk": 4, "model": "welcome.message", "fields": {"fk_ticket": 2, "updated": "2015-08-13", "message": "message - 4", "fk_account": 1}}, {"pk": 5, "model": "welcome.message", "fields": {"fk_ticket": 3, "updated": "2015-08-18", "message": "message - 5", "fk_account": 1}}, {"pk": 6, "model": "welcome.message", "fields": {"fk_ticket": 3, "updated": "2015-08-24", "message": "message - 6", "fk_account": 2}}, {"pk": 7, "model": "welcome.message", "fields": {"fk_ticket": 3, "updated": "2015-08-31", "message": "message - 7", "fk_account": 1}}, {"pk": 8, "model": "welcome.message", "fields": {"fk_ticket": 3, "updated": "2015-09-08", "message": "message - 8", "fk_account": 2}}, {"pk": 9, "model": "welcome.message", "fields": {"fk_ticket": 4, "updated": "2015-09-17", "message": "message - 9", "fk_account": 3}}, {"pk": 10, "model": "welcome.message", "fields": {"fk_ticket": 5, "updated": "2015-09-27", "message": "message - 10", "fk_account": 1}}, {"pk": 11, "model": "welcome.message", "fields": {"fk_ticket": 6, "updated": "2015-10-08", "message": "message - 11", "fk_account": 3}}, {"pk": 12, "model": "welcome.message", "fields": {"fk_ticket": 6, "updated": "2015-10-20", "message": "message - 12", "fk_account": 3}}, {"pk": 13, "model": "welcome.message", "fields": {"fk_ticket": 7, "updated": "2015-11-02", "message": "message - 13", "fk_account": 1}}, {"pk": 14, "model": "welcome.message", "fields": {"fk_ticket": 7, "updated": "2015-11-16", "message": "message - 14", "fk_account": 2}}, {"pk": 15, "model": "welcome.message", "fields": {"fk_ticket": 7, "updated": "2015-12-01", "message": "message - 15", "fk_account": 2}}, {"pk": 16, "model": "welcome.message", "fields": {"fk_ticket": 7, "updated": "2015-12-17", "message": "message - 16", "fk_account": 1}}, {"pk": 17, "model": "welcome.message", "fields": {"fk_ticket": 7, "updated": "2016-01-03", "message": "message - 17", "fk_account": 2}}, {"pk": 18, "model": "welcome.message", "fields": {"fk_ticket": 8, "updated": "2016-01-21", "message": "message - 18", "fk_account": 1}}, {"pk": 19, "model": "welcome.message", "fields": {"fk_ticket": 8, "updated": "2016-02-09", "message": "message - 19", "fk_account": 1}}, {"pk": 20, "model": "welcome.message", "fields": {"fk_ticket": 9, "updated": "2016-02-29", "message": "message - 20", "fk_account": 1}}, {"pk": 21, "model": "welcome.message", "fields": {"fk_ticket": 10, "updated": "2016-03-21", "message": "message - 21", "fk_account": 3}}, {"pk": 22, "model": "welcome.message", "fields": {"fk_ticket": 11, "updated": "2016-04-12", "message": "message - 22", "fk_account": 1}}, {"pk": 23, "model": "welcome.message", "fields": {"fk_ticket": 11, "updated": "2016-05-05", "message": "message - 23", "fk_account": 1}}, {"pk": 24, "model": "welcome.message", "fields": {"fk_ticket": 11, "updated": "2016-05-29", "message": "message - 24", "fk_account": 5}}, {"pk": 25, "model": "welcome.message", "fields": {"fk_ticket": 11, "updated": "2016-06-23", "message": "message - 25", "fk_account": 5}}, {"pk": 26, "model": "welcome.message", "fields": {"fk_ticket": 12, "updated": "2016-07-19", "message": "message - 26", "fk_account": 4}}, {"pk": 27, "model": "welcome.message", "fields": {"fk_ticket": 13, "updated": "2016-08-15", "message": "message - 27", "fk_account": 4}}, {"pk": 28, "model": "welcome.message", "fields": {"fk_ticket": 14, "updated": "2016-09-12", "message": "message - 28", "fk_account": 3}}, {"pk": 29, "model": "welcome.message", "fields": {"fk_ticket": 14, "updated": "2016-10-11", "message": "message - 29", "fk_account": 2}}, {"pk": 30, "model": "welcome.message", "fields": {"fk_ticket": 14, "updated": "2016-11-10", "message": "message - 30", "fk_account": 3}}, {"pk": 31, "model": "welcome.message", "fields": {"fk_ticket": 14, "updated": "2016-12-11", "message": "message - 31", "fk_account": 2}}, {"pk": 32, "model": "welcome.message", "fields": {"fk_ticket": 14, "updated": "2017-01-12", "message": "message - 32", "fk_account": 3}}, {"pk": 33, "model": "welcome.message", "fields": {"fk_ticket": 15, "updated": "2017-02-14", "message": "message - 33", "fk_account": 4}}, {"pk": 34, "model": "welcome.message", "fields": {"fk_ticket": 15, "updated": "2017-03-20", "message": "message - 34", "fk_account": 4}}, {"pk": 35, "model": "welcome.message", "fields": {"fk_ticket": 15, "updated": "2017-04-24", "message": "message - 35", "fk_account": 5}}, {"pk": 36, "model": "welcome.message", "fields": {"fk_ticket": 15, "updated": "2017-05-30", "message": "message - 36", "fk_account": 4}}, {"pk": 37, "model": "welcome.message", "fields": {"fk_ticket": 15, "updated": "2017-07-06", "message": "message - 37", "fk_account": 5}}, {"pk": 38, "model": "welcome.message", "fields": {"fk_ticket": 16, "updated": "2017-08-13", "message": "message - 38", "fk_account": 3}}, {"pk": 39, "model": "welcome.message", "fields": {"fk_ticket": 17, "updated": "2017-09-21", "message": "message - 39", "fk_account": 1}}, {"pk": 40, "model": "welcome.message", "fields": {"fk_ticket": 18, "updated": "2017-10-31", "message": "message - 40", "fk_account": 1}}, {"pk": 41, "model": "welcome.message", "fields": {"fk_ticket": 18, "updated": "2017-12-11", "message": "message - 41", "fk_account": 1}}, {"pk": 42, "model": "welcome.message", "fields": {"fk_ticket": 19, "updated": "2018-01-22", "message": "message - 42", "fk_account": 4}}, {"pk": 43, "model": "welcome.message", "fields": {"fk_ticket": 19, "updated": "2018-03-06", "message": "message - 43", "fk_account": 5}}, {"pk": 44, "model": "welcome.message", "fields": {"fk_ticket": 19, "updated": "2018-04-19", "message": "message - 44", "fk_account": 5}}, {"pk": 45, "model": "welcome.message", "fields": {"fk_ticket": 20, "updated": "2018-06-03", "message": "message - 45", "fk_account": 1}}, {"pk": 46, "model": "welcome.message", "fields": {"fk_ticket": 20, "updated": "2018-07-19", "message": "message - 46", "fk_account": 2}}, {"pk": 47, "model": "welcome.message", "fields": {"fk_ticket": 21, "updated": "2018-09-04", "message": "message - 47", "fk_account": 3}}, {"pk": 48, "model": "welcome.message", "fields": {"fk_ticket": 22, "updated": "2018-10-22", "message": "message - 48", "fk_account": 1}}, {"pk": 49, "model": "welcome.message", "fields": {"fk_ticket": 22, "updated": "2018-12-10", "message": "message - 49", "fk_account": 5}}, {"pk": 1, "model": "contenttypes.contenttype", "fields": {"app_label": "welcome", "model": "account"}}, {"pk": 2, "model": "contenttypes.contenttype", "fields": {"app_label": "welcome", "model": "ticket"}}, {"pk": 3, "model": "contenttypes.contenttype", "fields": {"app_label": "welcome", "model": "message"}}, {"pk": 4, "model": "contenttypes.contenttype", "fields": {"app_label": "admin", "model": "logentry"}}, {"pk": 5, "model": "contenttypes.contenttype", "fields": {"app_label": "auth", "model": "permission"}}, {"pk": 6, "model": "contenttypes.contenttype", "fields": {"app_label": "auth", "model": "group"}}, {"pk": 7, "model": "contenttypes.contenttype", "fields": {"app_label": "auth", "model": "user"}}, {"pk": 8, "model": "contenttypes.contenttype", "fields": {"app_label": "contenttypes", "model": "contenttype"}}, {"pk": 9, "model": "contenttypes.contenttype", "fields": {"app_label": "sessions", "model": "session"}}, {"pk": 1, "model": "auth.permission", "fields": {"name": "Can add account", "content_type": 1, "codename": "add_account"}}, {"pk": 2, "model": "auth.permission", "fields": {"name": "Can change account", "content_type": 1, "codename": "change_account"}}, {"pk": 3, "model": "auth.permission", "fields": {"name": "Can delete account", "content_type": 1, "codename": "delete_account"}}, {"pk": 4, "model": "auth.permission", "fields": {"name": "Can add ticket", "content_type": 2, "codename": "add_ticket"}}, {"pk": 5, "model": "auth.permission", "fields": {"name": "Can change ticket", "content_type": 2, "codename": "change_ticket"}}, {"pk": 6, "model": "auth.permission", "fields": {"name": "Can delete ticket", "content_type": 2, "codename": "delete_ticket"}}, {"pk": 7, "model": "auth.permission", "fields": {"name": "Can add message", "content_type": 3, "codename": "add_message"}}, {"pk": 8, "model": "auth.permission", "fields": {"name": "Can change message", "content_type": 3, "codename": "change_message"}}, {"pk": 9, "model": "auth.permission", "fields": {"name": "Can delete message", "content_type": 3, "codename": "delete_message"}}, {"pk": 10, "model": "auth.permission", "fields": {"name": "Can add log entry", "content_type": 4, "codename": "add_logentry"}}, {"pk": 11, "model": "auth.permission", "fields": {"name": "Can change log entry", "content_type": 4, "codename": "change_logentry"}}, {"pk": 12, "model": "auth.permission", "fields": {"name": "Can delete log entry", "content_type": 4, "codename": "delete_logentry"}}, {"pk": 13, "model": "auth.permission", "fields": {"name": "Can add permission", "content_type": 5, "codename": "add_permission"}}, {"pk": 14, "model": "auth.permission", "fields": {"name": "Can change permission", "content_type": 5, "codename": "change_permission"}}, {"pk": 15, "model": "auth.permission", "fields": {"name": "Can delete permission", "content_type": 5, "codename": "delete_permission"}}, {"pk": 16, "model": "auth.permission", "fields": {"name": "Can add group", "content_type": 6, "codename": "add_group"}}, {"pk": 17, "model": "auth.permission", "fields": {"name": "Can change group", "content_type": 6, "codename": "change_group"}}, {"pk": 18, "model": "auth.permission", "fields": {"name": "Can delete group", "content_type": 6, "codename": "delete_group"}}, {"pk": 19, "model": "auth.permission", "fields": {"name": "Can add user", "content_type": 7, "codename": "add_user"}}, {"pk": 20, "model": "auth.permission", "fields": {"name": "Can change user", "content_type": 7, "codename": "change_user"}}, {"pk": 21, "model": "auth.permission", "fields": {"name": "Can delete user", "content_type": 7, "codename": "delete_user"}}, {"pk": 22, "model": "auth.permission", "fields": {"name": "Can add content type", "content_type": 8, "codename": "add_contenttype"}}, {"pk": 23, "model": "auth.permission", "fields": {"name": "Can change content type", "content_type": 8, "codename": "change_contenttype"}}, {"pk": 24, "model": "auth.permission", "fields": {"name": "Can delete content type", "content_type": 8, "codename": "delete_contenttype"}}, {"pk": 25, "model": "auth.permission", "fields": {"name": "Can add session", "content_type": 9, "codename": "add_session"}}, {"pk": 26, "model": "auth.permission", "fields": {"name": "Can change session", "content_type": 9, "codename": "change_session"}}, {"pk": 27, "model": "auth.permission", "fields": {"name": "Can delete session", "content_type": 9, "codename": "delete_session"}}]